island,avg_length,sd
Biscoe,209.706586826347,14.1422682598329
Dream,193.072580645161,7.50736590820125
Torgersen,191.196078431373,6.23223750459861
